--MPA-RATING AND GENRES
INSERT INTO MPA_RATING (MPA_RATING_ID, NAME)
VALUES (1, 'G');

INSERT INTO MPA_RATING (MPA_RATING_ID, NAME)
VALUES (2, 'PG');

INSERT INTO MPA_RATING (MPA_RATING_ID, NAME)
VALUES (3, 'PG13');

INSERT INTO MPA_RATING (MPA_RATING_ID, NAME)
VALUES (4, 'R');

INSERT INTO MPA_RATING (MPA_RATING_ID, NAME)
VALUES (5, 'NC17');

INSERT INTO GENRES (GENRE_NAME)
VALUES ('Комедия');

INSERT INTO GENRES (GENRE_NAME)
VALUES ('Драма');

INSERT INTO GENRES (GENRE_NAME)
VALUES ('Мультфильм');

INSERT INTO GENRES (GENRE_NAME)
VALUES ('Триллер');

INSERT INTO GENRES (GENRE_NAME)
VALUES ('Документальный');

INSERT INTO GENRES (GENRE_NAME)
VALUES ('Боевик');

-- USERS
INSERT INTO USERS (EMAIL, LOGIN, NAME, BIRTHDAY)
VALUES ('kdv@yandex.ru', 'kdv', 'Dmitry', '2001-04-01');

INSERT INTO USERS (EMAIL, LOGIN, NAME, BIRTHDAY)
VALUES ('kad@yandex.ru', 'kad', 'Igor', '2004-01-01');

INSERT INTO USERS (EMAIL, LOGIN, NAME, BIRTHDAY)
VALUES ('dak@mail.ru', 'dak', 'Sergey', '1993-05-01');

INSERT INTO USERS (EMAIL, LOGIN, NAME, BIRTHDAY)
VALUES ('zan@google.com', 'zan', 'Kirill', '1989-03-02');

INSERT INTO USERS (EMAIL, LOGIN, NAME, BIRTHDAY)
VALUES ('zak@google.com', 'zak', 'Maksim', '1934-06-17');

--FRIENDS
INSERT INTO FRIENDS (USER_ID, FRIEND_ID)
VALUES (1, 2);
INSERT INTO FRIENDS (USER_ID, FRIEND_ID)
VALUES (1, 5);
INSERT INTO FRIENDS (USER_ID, FRIEND_ID)
VALUES (2, 4);
INSERT INTO FRIENDS (USER_ID, FRIEND_ID)
VALUES (2, 5);

INSERT INTO FRIENDS (USER_ID, FRIEND_ID)
VALUES (1, 3);
INSERT INTO FRIENDS (USER_ID, FRIEND_ID)
VALUES (3, 4);
INSERT INTO FRIENDS (USER_ID, FRIEND_ID)
VALUES (3, 5);

--FILMS
INSERT INTO FILMS (NAME, DESCRIPTION, RELEASE_DATE, DURATION_IN_MIN)
VALUES ('Джентельмены', 'USA', '2019-12-03', 113);

INSERT INTO FILMS (NAME, DESCRIPTION, RELEASE_DATE, DURATION_IN_MIN)
VALUES ('1+1', 'France', '2011-09-23', 112);

INSERT INTO FILMS (NAME, DESCRIPTION, RELEASE_DATE, DURATION_IN_MIN)
VALUES ('Каспер', 'USA', '1995-05-26', 100);

INSERT INTO FILMS (NAME, DESCRIPTION, RELEASE_DATE, DURATION_IN_MIN)
VALUES ('Титаник', 'USA', '1997-11-01', 194);

INSERT INTO FILMS (NAME, DESCRIPTION, RELEASE_DATE, DURATION_IN_MIN)
VALUES ('Загрузка: подлинная история интернета', 'USA', '2008-04-04', 44);

--FILMS -> GENRES
INSERT INTO FILM_GENRE (FILM_ID, GENRE_ID)
VALUES (1, 1);

INSERT INTO FILM_GENRE (FILM_ID, GENRE_ID)
VALUES (1, 6);

INSERT INTO FILM_GENRE (FILM_ID, GENRE_ID)
VALUES (2, 1);

INSERT INTO FILM_GENRE (FILM_ID, GENRE_ID)
VALUES (2, 2);

INSERT INTO FILM_GENRE (FILM_ID, GENRE_ID)
VALUES (3, 3);

INSERT INTO FILM_GENRE (FILM_ID, GENRE_ID)
VALUES (4, 2);

INSERT INTO FILM_GENRE (FILM_ID, GENRE_ID)
VALUES (4, 4);

INSERT INTO FILM_GENRE (FILM_ID, GENRE_ID)
VALUES (4, 5);

INSERT INTO FILM_GENRE (FILM_ID, GENRE_ID)
VALUES (5, 5);

-- MPA-RATING
INSERT INTO FILM_MPA_RATING (FILM_ID, MPA_RATING_ID)
VALUES (1, 5);

INSERT INTO FILM_MPA_RATING (FILM_ID, MPA_RATING_ID)
VALUES (2, 3);

INSERT INTO FILM_MPA_RATING (FILM_ID, MPA_RATING_ID)
VALUES (3, 1);

INSERT INTO FILM_MPA_RATING (FILM_ID, MPA_RATING_ID)
VALUES (4, 2);

INSERT INTO FILM_MPA_RATING (FILM_ID, MPA_RATING_ID)
VALUES (5, 4);


--LIKES
INSERT INTO LIKES (FILM_ID, USER_ID)
VALUES (1, 2);

INSERT INTO LIKES (FILM_ID, USER_ID)
VALUES (5, 2);

INSERT INTO LIKES (FILM_ID, USER_ID)
VALUES (2, 1);

INSERT INTO LIKES (FILM_ID, USER_ID)
VALUES (4, 1);

INSERT INTO LIKES (FILM_ID, USER_ID)
VALUES (2, 3);

INSERT INTO LIKES (FILM_ID, USER_ID)
VALUES (5, 4);

INSERT INTO LIKES (FILM_ID, USER_ID)
VALUES (2, 4);

INSERT INTO LIKES (FILM_ID, USER_ID)
VALUES (3, 5);






